,RecRate,ExecTime
inf,0.225,0.047288480401039126
1,0.975,0.0420417845249176
2,0.9375,0.06300055682659149
cos,0.8875,0.10537651181221008
