,RecRate,ExecTime
inf,0.2375,0.04514824151992798
1,0.9625,0.040705624222755435
2,0.9375,0.060928049683570865
cos,0.925,0.10370762050151824
