,RecRate,ExecTime
inf,0.2375,0.045069724321365356
1,0.925,0.04015178084373474
2,0.925,0.06091785132884979
cos,0.9375,0.10355707108974457
