,RecRate,ExecTime
inf,0.2375,0.056387677788734436
1,0.9625,0.05140005648136139
2,0.95,0.07391249537467956
cos,0.925,0.13193127810955046
